Workbook

Sheet Dashboard
A2: FLAIR — INVENTORY INTELLIGENCE DASHBOARD
A3: Data Engineering Project · Fashion Store Inventory Tracker
B5: Total SKUs | D5: Units on Hand | F5: Reorder Alerts | H5: Avg Days on Hand
B6: =COUNTA(SKU_Data!A2:A141) | D6: =SUM(SKU_Data!F2:F141) | F6: =COUNTIF(SKU_Data!I2:I141,"Reorder") | H6: =ROUND(AVERAGE(SKU_Data!H2:H141),1)
B8: Today Revenue (₹) | D8: Fill Rate %
B9: =SUM(SKU_Data!K2:K141) | D9: =ROUND(COUNTIF(SKU_Data!F2:F141,">"&0)/COUNTA(SKU_Data!A2:A141)*100,1)
B11: CATEGORY INVENTORY SUMMARY
B12: Category | C12: Total SKUs | D12: Units on Hand | E12: Units Sold (Day) | F12: Avg Days on Hand | G12: Revenue (₹) | H12: Reorder Count | I12: Status
B13: Dresses | C13: =COUNTIF(SKU_Data!B2:B141,B13) | D13: =SUMIF(SKU_Data!B2:B141,B13,SKU_Data!F2:F141) | E13: =SUMIF(SKU_Data!B2:B141,B13,SKU_Data!G2:G141) | F13: =ROUND(AVERAGEIF(SKU_Data!B2:B141,B13,SKU_Data!H2:H141),1) | G13: =SUMIF(SKU_Data!B2:B141,B13,SKU_Data!K2:K141) | H13: =COUNTIFS(SKU_Data!B2:B141,B13,SKU_Data!I2:I141,"Reorder") | I13: =IF(G13>0,"⚠ Needs Attention","✓ Healthy")
B14: Tops | C14: =COUNTIF(SKU_Data!B2:B141,B14) | D14: =SUMIF(SKU_Data!B2:B141,B14,SKU_Data!F2:F141) | E14: =SUMIF(SKU_Data!B2:B141,B14,SKU_Data!G2:G141) | F14: =ROUND(AVERAGEIF(SKU_Data!B2:B141,B14,SKU_Data!H2:H141),1) | G14: =SUMIF(SKU_Data!B2:B141,B14,SKU_Data!K2:K141) | H14: =COUNTIFS(SKU_Data!B2:B141,B14,SKU_Data!I2:I141,"Reorder") | I14: =IF(G14>0,"⚠ Needs Attention","✓ Healthy")
B15: Denim | C15: =COUNTIF(SKU_Data!B2:B141,B15) | D15: =SUMIF(SKU_Data!B2:B141,B15,SKU_Data!F2:F141) | E15: =SUMIF(SKU_Data!B2:B141,B15,SKU_Data!G2:G141) | F15: =ROUND(AVERAGEIF(SKU_Data!B2:B141,B15,SKU_Data!H2:H141),1) | G15: =SUMIF(SKU_Data!B2:B141,B15,SKU_Data!K2:K141) | H15: =COUNTIFS(SKU_Data!B2:B141,B15,SKU_Data!I2:I141,"Reorder") | I15: =IF(G15>0,"⚠ Needs Attention","✓ Healthy")
B16: Footwear | C16: =COUNTIF(SKU_Data!B2:B141,B16) | D16: =SUMIF(SKU_Data!B2:B141,B16,SKU_Data!F2:F141) | E16: =SUMIF(SKU_Data!B2:B141,B16,SKU_Data!G2:G141) | F16: =ROUND(AVERAGEIF(SKU_Data!B2:B141,B16,SKU_Data!H2:H141),1) | G16: =SUMIF(SKU_Data!B2:B141,B16,SKU_Data!K2:K141) | H16: =COUNTIFS(SKU_Data!B2:B141,B16,SKU_Data!I2:I141,"Reorder") | I16: =IF(G16>0,"⚠ Needs Attention","✓ Healthy")
B17: Accessories | C17: =COUNTIF(SKU_Data!B2:B141,B17) | D17: =SUMIF(SKU_Data!B2:B141,B17,SKU_Data!F2:F141) | E17: =SUMIF(SKU_Data!B2:B141,B17,SKU_Data!G2:G141) | F17: =ROUND(AVERAGEIF(SKU_Data!B2:B141,B17,SKU_Data!H2:H141),1) | G17: =SUMIF(SKU_Data!B2:B141,B17,SKU_Data!K2:K141) | H17: =COUNTIFS(SKU_Data!B2:B141,B17,SKU_Data!I2:I141,"Reorder") | I17: =IF(G17>0,"⚠ Needs Attention","✓ Healthy")
B18: Outerwear | C18: =COUNTIF(SKU_Data!B2:B141,B18) | D18: =SUMIF(SKU_Data!B2:B141,B18,SKU_Data!F2:F141) | E18: =SUMIF(SKU_Data!B2:B141,B18,SKU_Data!G2:G141) | F18: =ROUND(AVERAGEIF(SKU_Data!B2:B141,B18,SKU_Data!H2:H141),1) | G18: =SUMIF(SKU_Data!B2:B141,B18,SKU_Data!K2:K141) | H18: =COUNTIFS(SKU_Data!B2:B141,B18,SKU_Data!I2:I141,"Reorder") | I18: =IF(G18>0,"⚠ Needs Attention","✓ Healthy")
B19: Swimwear | C19: =COUNTIF(SKU_Data!B2:B141,B19) | D19: =SUMIF(SKU_Data!B2:B141,B19,SKU_Data!F2:F141) | E19: =SUMIF(SKU_Data!B2:B141,B19,SKU_Data!G2:G141) | F19: =ROUND(AVERAGEIF(SKU_Data!B2:B141,B19,SKU_Data!H2:H141),1) | G19: =SUMIF(SKU_Data!B2:B141,B19,SKU_Data!K2:K141) | H19: =COUNTIFS(SKU_Data!B2:B141,B19,SKU_Data!I2:I141,"Reorder") | I19: =IF(G19>0,"⚠ Needs Attention","✓ Healthy")

Sheet SKU_Data
A1: SKU | B1: Category | C1: Product Name | D1: Color | E1: Size Range | F1: Stock on Hand | G1: Units Sold (Day) | H1: Days on Hand | I1: Status | J1: Reorder Point | K1: Revenue (₹) | L1: Unit Price (₹) | M1: Margin %
A2: DR-0001 | B2: Dresses | C2: Silk Wrap Dress | D2: Navy | E2: XS–XXL | F2: 163 | G2: 3 | H2: =IF(G2>0,ROUND(F2/G2,1),"-") | I2: =IF(F2<=J2,"Reorder",IF(F2<=J2*1.5,"Low","OK")) | J2: 20 | K2: =F2*L2 | L2: 688 | M2: 0.374
A3: DR-0002 | B3: Dresses | C3: Midi Floral Dress | D3: Teal | E3: XS–XXL | F3: 188 | G3: 3 | H3: =IF(G3>0,ROUND(F3/G3,1),"-") | I3: =IF(F3<=J3,"Reorder",IF(F3<=J3*1.5,"Low","OK")) | J3: 15 | K3: =F3*L3 | L3: 5575 | M3: 0.583
A4: DR-0003 | B4: Dresses | C4: Shirt Dress | D4: Teal | E4: XS–XXL | F4: 108 | G4: 1 | H4: =IF(G4>0,ROUND(F4/G4,1),"-") | I4: =IF(F4<=J4,"Reorder",IF(F4<=J4*1.5,"Low","OK")) | J4: 40 | K4: =F4*L4 | L4: 723 | M4: 0.354
A5: DR-0004 | B5: Dresses | C5: Bodycon Dress | D5: Sage | E5: XS–XXL | F5: 6 | G5: 17 | H5: =IF(G5>0,ROUND(F5/G5,1),"-") | I5: =IF(F5<=J5,"Reorder",IF(F5<=J5*1.5,"Low","OK")) | J5: 40 | K5: =F5*L5 | L5: 1991 | M5: 0.501
A6: DR-0005 | B6: Dresses | C6: Linen Co-ord | D6: Navy | E6: XS–XXL | F6: 56 | G6: 14 | H6: =IF(G6>0,ROUND(F6/G6,1),"-") | I6: =IF(F6<=J6,"Reorder",IF(F6<=J6*1.5,"Low","OK")) | J6: 15 | K6: =F6*L6 | L6: 4919 | M6: 0.555
A7: DR-0006 | B7: Dresses | C7: Maxi Sundress | D7: White | E7: XS–XXL | F7: 178 | G7: 13 | H7: =IF(G7>0,ROUND(F7/G7,1),"-") | I7: =IF(F7<=J7,"Reorder",IF(F7<=J7*1.5,"Low","OK")) | J7: 25 | K7: =F7*L7 | L7: 3052 | M7: 0.333
A8: DR-0007 | B8: Dresses | C8: Mini Ruffle | D8: Olive | E8: XS–XXL | F8: 23 | G8: 12 | H8: =IF(G8>0,ROUND(F8/G8,1),"-") | I8: =IF(F8<=J8,"Reorder",IF(F8<=J8*1.5,"Low","OK")) | J8: 40 | K8: =F8*L8 | L8: 1225 | M8: 0.568
A9: DR-0008 | B9: Dresses | C9: Blazer Dress | D9: White | E9: XS–XXL | F9: 206 | G9: 1 | H9: =IF(G9>0,ROUND(F9/G9,1),"-") | I9: =IF(F9<=J9,"Reorder",IF(F9<=J9*1.5,"Low","OK")) | J9: 30 | K9: =F9*L9 | L9: 5973 | M9: 0.462
A10: DR-0009 | B10: Dresses | C10: Slip Dress | D10: Teal | E10: XS–XXL | F10: 141 | G10: 9 | H10: =IF(G10>0,ROUND(F10/G10,1),"-") | I10: =IF(F10<=J10,"Reorder",IF(F10<=J10*1.5,"Low","OK")) | J10: 25 | K10: =F10*L10 | L10: 6721 | M10: 0.49
A11: DR-0010 | B11: Dresses | C11: Tiered Midi | D11: White | E11: XS–XXL | F11: 49 | G11: 22 | H11: =IF(G11>0,ROUND(F11/G11,1),"-") | I11: =IF(F11<=J11,"Reorder",IF(F11<=J11*1.5,"Low","OK")) | J11: 25 | K11: =F11*L11 | L11: 1022 | M11: 0.505
A12: DR-0011 | B12: Dresses | C12: Asymmetric Hem | D12: Rust | E12: XS–XXL | F12: 218 | G12: 7 | H12: =IF(G12>0,ROUND(F12/G12,1),"-") | I12: =IF(F12<=J12,"Reorder",IF(F12<=J12*1.5,"Low","OK")) | J12: 30 | K12: =F12*L12 | L12: 6999 | M12: 0.409
A13: DR-0012 | B13: Dresses | C13: Smocked Bodice | D13: Teal | E13: XS–XXL | F13: 41 | G13: 11 | H13: =IF(G13>0,ROUND(F13/G13,1),"-") | I13: =IF(F13<=J13,"Reorder",IF(F13<=J13*1.5,"Low","OK")) | J13: 15 | K13: =F13*L13 | L13: 3165 | M13: 0.508
... A141: SW-0020 | B141: Swimwear | C141: Beach Kaftan | D141: Rust | E141: XS–XXL | F141: 223 | G141: 0 | H141: =IF(G141>0,ROUND(F141/G141,1),"-") | I141: =IF(F141<=J141,"Reorder",IF(F141<=J141*1.5,"Low","OK")) | J141: 30 | K141: =F141*L141 | L141: 4805 | M141: 0.44

Sheet Pipeline_Log
A1: DATA PIPELINE — RUN LOG
A2: Run ID | B2: Timestamp | C2: Stage | D2: Status | E2: Records Processed | F2: Duration (s) | G2: Error Count | H2: Notes
A3: RUN-2400 | B3: 2026-04-17 14:00 IST | C3: Kafka Ingestion | D3: SUCCESS | E3: 142800 | F3: 4.2 | G3: 0 | H3: 12 sources · 3 topics
A4: RUN-2401 | B4: 2026-04-17 14:00 IST | C4: Stream Processor | D4: SUCCESS | E4: 142800 | F4: 11.7 | G4: 0 | H4: 2590 dupes filtered
A5: RUN-2402 | B5: 2026-04-17 14:00 IST | C5: dbt Staging | D5: SUCCESS | E5: 140210 | F5: 38.4 | G5: 0 | H5: Incremental run
A6: RUN-2403 | B6: 2026-04-17 14:00 IST | C6: dbt Tests | D6: SUCCESS | E6: 140210 | F6: 12.1 | G6: 0 | H6: All tests pass
A7: RUN-2404 | B7: 2026-04-17 14:00 IST | C7: dbt Marts | D7: SUCCESS | E7: 140210 | F7: 25.3 | G7: 0 | H7: 2 marts rebuilt
A8: RUN-2405 | B8: 2026-04-17 14:00 IST | C8: BI Refresh | D8: SUCCESS | E8: N/A | F8: 3.8 | G8: 0 | H8: 3 views refreshed
A9: RUN-2406 | B9: 2026-04-17 14:00 IST | C9: Alert Dispatch | D9: WARNING | E9: N/A | F9: 0.9 | G9: 3 | H9: 27 reorder alerts

Sheet Reorder_Alerts
A1: ⚠ LIVE REORDER ALERTS — REQUIRES BUYER ACTION
A2: SKU | B2: Category | C2: Product | D2: Stock on Hand | E2: Reorder Point | F2: Gap | G2: Days on Hand | H2: Urgency | I2: Suggested Order Qty
A3: DR-0004 | B3: Dresses | C3: Bodycon Dress | D3: 4 | E3: 20 | F3: 16 | G3: 0.8 | H3: OUT OF STOCK | I3: 120
A4: DN-0004 | B4: Denim | C4: Mom Jean | D4: 6 | E4: 25 | F4: 19 | G4: 1.1 | H4: CRITICAL | I4: 90
A5: DR-0001 | B5: Dresses | C5: Silk Wrap Dress | D5: 12 | E5: 30 | F5: 18 | G5: 1.9 | H5: CRITICAL | I5: 80
A6: FW-0002 | B6: Footwear | C6: Platform Boot | D6: 14 | E6: 20 | F6: 6 | G6: 3.2 | H6: CRITICAL | I6: 60
A7: OW-0001 | B7: Outerwear | C7: Trench Coat | D7: 15 | E7: 15 | F7: 0 | G7: 5.4 | H7: LOW | I7: 45
A8: TW-0001 | B8: Tops | C8: Ribbed Tank | D8: 19 | E8: 30 | F8: 11 | G8: 6.1 | H8: LOW | I8: 55
A9: FW-0003 | B9: Footwear | C9: Loafer | D9: 20 | E9: 20 | F9: 0 | G9: 7.8 | H9: LOW | I9: 40
A10: AC-0001 | B10: Accessories | C10: Leather Belt | D10: 22 | E10: 30 | F10: 8 | G10: 9.2 | H10: LOW | I10: 50
